idx,name,opt,baseline,base,model_anneal,model_no_anneal,mix_anneal,mix_no_anneal,base_I1000,base_time_I1000,model_anneal_I1000,model_anneal_time_I1000,model_no_anneal_I1000,model_no_anneal_time_I1000,mix_anneal_I1000,mix_anneal_time_I1000,mix_no_anneal_I1000,mix_no_anneal_time_I1000,base_I2000,base_time_I2000,model_anneal_I2000,model_anneal_time_I2000,model_no_anneal_I2000,model_no_anneal_time_I2000,mix_anneal_I2000,mix_anneal_time_I2000,mix_no_anneal_I2000,mix_no_anneal_time_I2000,base_I5000,base_time_I5000,model_anneal_I5000,model_anneal_time_I5000,model_no_anneal_I5000,model_no_anneal_time_I5000,mix_anneal_I5000,mix_anneal_time_I5000,mix_no_anneal_I5000,mix_no_anneal_time_I5000,base_I10000,base_time_I10000,model_anneal_I10000,model_anneal_time_I10000,model_no_anneal_I10000,model_no_anneal_time_I10000,mix_anneal_I10000,mix_anneal_time_I10000,mix_no_anneal_I10000,mix_no_anneal_time_I10000
0,wi29,27603.0,27603.0,,27601.166015625,,,,,,27601.166015625,0.8582777976989746,,,,,,,,,,,,,,,,,,,,,,,,,,,,,,,,,,,,
1,dj38,6656.0,6656.0,,6659.4384765625,,,,,,6659.4384765625,0.4966440200805664,,,,,,,,,,,,,,,,,,,,,,,,,,,,,,,,,,,,
2,eil51,426.0,426.0,,428.8717956542969,,,,,,428.8717956542969,0.5265927314758301,,,,,,,,,,,,,,,,,,,,,,,,,,,,,,,,,,,,
3,berlin52,7542.0,7542.0,,7544.365234375,,,,,,7544.365234375,0.5177290439605713,,,,,,,,,,,,,,,,,,,,,,,,,,,,,,,,,,,,
4,st70,675.0,675.0,,677.1095581054688,,,,,,677.1095581054688,0.547339916229248,,,,,,,,,,,,,,,,,,,,,,,,,,,,,,,,,,,,
5,eil76,538.0,538.0,,544.3690185546875,,,,,,544.3690185546875,0.5737652778625488,,,,,,,,,,,,,,,,,,,,,,,,,,,,,,,,,,,,
6,pr76,108159.0,108159.0,,108159.421875,,,,,,108159.421875,0.5627753734588623,,,,,,,,,,,,,,,,,,,,,,,,,,,,,,,,,,,,
7,rat99,1211.0,1211.0,,1219.2432861328125,,,,,,1219.2432861328125,0.5812110900878906,,,,,,,,,,,,,,,,,,,,,,,,,,,,,,,,,,,,
8,kroA100,21282.0,21282.0,,21285.435546875,,,,,,21285.435546875,0.570880651473999,,,,,,,,,,,,,,,,,,,,,,,,,,,,,,,,,,,,
9,kroB100,22141.0,22141.0,,22139.068359375,,,,,,22139.068359375,0.5768861770629883,,,,,,,,,,,,,,,,,,,,,,,,,,,,,,,,,,,,
10,kroC100,20749.0,20749.0,,20750.7578125,,,,,,20750.7578125,0.569399356842041,,,,,,,,,,,,,,,,,,,,,,,,,,,,,,,,,,,,
11,kroD100,21294.0,21294.0,,21294.287109375,,,,,,21294.287109375,0.5719654560089111,,,,,,,,,,,,,,,,,,,,,,,,,,,,,,,,,,,,
12,kroE100,22068.0,22068.0,,22119.892578125,,,,,,22119.892578125,0.5836927890777588,,,,,,,,,,,,,,,,,,,,,,,,,,,,,,,,,,,,
13,rd100,7910.0,7910.0,,7910.39404296875,,,,,,7910.39404296875,0.5758683681488037,,,,,,,,,,,,,,,,,,,,,,,,,,,,,,,,,,,,
14,eil101,629.0,629.0,,640.2115478515625,,,,,,640.2115478515625,0.6011672019958496,,,,,,,,,,,,,,,,,,,,,,,,,,,,,,,,,,,,
15,lin105,14379.0,14379.0,,14382.9931640625,,,,,,14382.9931640625,0.5849816799163818,,,,,,,,,,,,,,,,,,,,,,,,,,,,,,,,,,,,
16,pr107,44303.0,44303.0,,44301.67578125,,,,,,44301.67578125,0.5746185779571533,,,,,,,,,,,,,,,,,,,,,,,,,,,,,,,,,,,,
17,pr124,59030.0,59030.0,,59030.7265625,,,,,,59030.7265625,0.592796802520752,,,,,,,,,,,,,,,,,,,,,,,,,,,,,,,,,,,,
18,bier127,118282.0,118282.0,,118293.4609375,,,,,,118293.4609375,0.6217870712280273,,,,,,,,,,,,,,,,,,,,,,,,,,,,,,,,,,,,
19,ch130,6110.0,6110.0,,6110.7197265625,,,,,,6110.7197265625,0.6135687828063965,,,,,,,,,,,,,,,,,,,,,,,,,,,,,,,,,,,,
20,xqf131,564.0,564.0,,566.4210815429688,,,,,,566.4210815429688,0.6333575248718262,,,,,,,,,,,,,,,,,,,,,,,,,,,,,,,,,,,,
21,pr136,96772.0,96772.0,,96860.8671875,,,,,,96860.8671875,0.6144723892211914,,,,,,,,,,,,,,,,,,,,,,,,,,,,,,,,,,,,
22,pr144,58537.0,58537.0,,58535.21875,,,,,,58535.21875,0.5950932502746582,,,,,,,,,,,,,,,,,,,,,,,,,,,,,,,,,,,,
23,ch150,6528.0,6528.0,,6530.900390625,,,,,,6530.900390625,0.6542837619781494,,,,,,,,,,,,,,,,,,,,,,,,,,,,,,,,,,,,
24,kroA150,26524.0,26524.0,,26524.859375,,,,,,26524.859375,0.8438782691955566,,,,,,,,,,,,,,,,,,,,,,,,,,,,,,,,,,,,
25,kroB150,26130.0,26130.0,,26127.349609375,,,,,,26127.349609375,0.6234455108642578,,,,,,,,,,,,,,,,,,,,,,,,,,,,,,,,,,,,
26,pr152,73682.0,73682.0,,73683.625,,,,,,73683.625,0.6622347831726074,,,,,,,,,,,,,,,,,,,,,,,,,,,,,,,,,,,,
27,u159,42080.0,42080.0,,42075.65234375,,,,,,42075.65234375,0.7831361293792725,,,,,,,,,,,,,,,,,,,,,,,,,,,,,,,,,,,,
28,qa194,9352.0,9352.0,,9376.6435546875,,,,,,9376.6435546875,0.6564958095550537,,,,,,,,,,,,,,,,,,,,,,,,,,,,,,,,,,,,
29,rat195,2323.0,2323.0,,2333.872802734375,,,,,,2333.872802734375,0.6766419410705566,,,,,,,,,,,,,,,,,,,,,,,,,,,,,,,,,,,,
30,d198,15780.0,15780.0,,15812.1240234375,,,,,,15812.1240234375,0.6582105159759521,,,,,,,,,,,,,,,,,,,,,,,,,,,,,,,,,,,,
31,kroA200,29368.0,29368.0,,29369.3984375,,,,,,29369.3984375,0.6563355922698975,,,,,,,,,,,,,,,,,,,,,,,,,,,,,,,,,,,,
32,kroB200,29437.0,29437.0,,29440.40234375,,,,,,29440.40234375,0.660602331161499,,,,,,,,,,,,,,,,,,,,,,,,,,,,,,,,,,,,
33,ts225,126643.0,126643.0,,126645.921875,,,,,,126645.921875,0.6941268444061279,,,,,,,,,,,,,,,,,,,,,,,,,,,,,,,,,,,,
34,tsp225,3916.0,3916.0,,3865.005615234375,,,,,,3865.005615234375,0.6742892265319824,,,,,,,,,,,,,,,,,,,,,,,,,,,,,,,,,,,,
35,pr226,80369.0,80369.0,,80370.234375,,,,,,80370.234375,0.6523323059082031,,,,,,,,,,,,,,,,,,,,,,,,,,,,,,,,,,,,
36,xqg237,1019.0,1019.0,,1031.225830078125,,,,,,1031.225830078125,0.7227597236633301,,,,,,,,,,,,,,,,,,,,,,,,,,,,,,,,,,,,
37,gil262,2378.0,2378.0,,2386.635498046875,,,,,,2386.635498046875,0.8621795177459717,,,,,,,,,,,,,,,,,,,,,,,,,,,,,,,,,,,,
38,pr264,49135.0,49135.0,,49134.99609375,,,,,,49134.99609375,0.8082013130187988,,,,,,,,,,,,,,,,,,,,,,,,,,,,,,,,,,,,
39,a280,2579.0,2579.0,,2586.769287109375,,,,,,2586.769287109375,0.8152143955230713,,,,,,,,,,,,,,,,,,,,,,,,,,,,,,,,,,,,
40,pr299,48191.0,48191.0,,48286.75390625,,,,,,48286.75390625,0.8635013103485107,,,,,,,,,,,,,,,,,,,,,,,,,,,,,,,,,,,,
41,lin318,42029.0,42029.0,,42165.375,,,,,,42165.375,0.8773355484008789,,,,,,,,,,,,,,,,,,,,,,,,,,,,,,,,,,,,
42,pma343,1368.0,1368.0,,1388.3267822265625,,,,,,1388.3267822265625,0.9714579582214355,,,,,,,,,,,,,,,,,,,,,,,,,,,,,,,,,,,,
43,pka379,1332.0,1332.0,,1344.4102783203125,,,,,,1344.4102783203125,0.9602329730987549,,,,,,,,,,,,,,,,,,,,,,,,,,,,,,,,,,,,
44,bcl380,1621.0,1621.0,,1663.658203125,,,,,,1663.658203125,0.9848201274871826,,,,,,,,,,,,,,,,,,,,,,,,,,,,,,,,,,,,
45,pbl395,1281.0,1281.0,,1296.63916015625,,,,,,1296.63916015625,0.9798028469085693,,,,,,,,,,,,,,,,,,,,,,,,,,,,,,,,,,,,
46,rd400,15281.0,15281.0,,15348.9599609375,,,,,,15348.9599609375,1.0453059673309326,,,,,,,,,,,,,,,,,,,,,,,,,,,,,,,,,,,,
47,pbk411,1343.0,1343.0,,1362.5631103515625,,,,,,1362.5631103515625,0.9687047004699707,,,,,,,,,,,,,,,,,,,,,,,,,,,,,,,,,,,,
48,fl417,11861.0,11861.0,,11914.306640625,,,,,,11914.306640625,0.9876248836517334,,,,,,,,,,,,,,,,,,,,,,,,,,,,,,,,,,,,
49,pbn423,1365.0,1365.0,,1379.3690185546875,,,,,,1379.3690185546875,0.976118803024292,,,,,,,,,,,,,,,,,,,,,,,,,,,,,,,,,,,,
50,pbm436,1443.0,1443.0,,1462.5125732421875,,,,,,1462.5125732421875,0.950333833694458,,,,,,,,,,,,,,,,,,,,,,,,,,,,,,,,,,,,
51,pr439,107217.0,107217.0,,109296.3671875,,,,,,109296.3671875,0.890167236328125,,,,,,,,,,,,,,,,,,,,,,,,,,,,,,,,,,,,
52,pcb442,50778.0,50778.0,,51066.0234375,,,,,,51066.0234375,0.9960639476776123,,,,,,,,,,,,,,,,,,,,,,,,,,,,,,,,,,,,
53,d493,35002.0,35002.0,,35130.78515625,,,,,,35130.78515625,1.0440821647644043,,,,,,,,,,,,,,,,,,,,,,,,,,,,,,,,,,,,
54,u574,36905.0,36905.0,,37072.10546875,,,,,,37072.10546875,1.1237614154815674,,,,,,,,,,,,,,,,,,,,,,,,,,,,,,,,,,,,
55,rat575,6773.0,6773.0,,6855.9482421875,,,,,,6855.9482421875,1.2048494815826416,,,,,,,,,,,,,,,,,,,,,,,,,,,,,,,,,,,,
56,p654,34643.0,34643.0,,34646.83203125,,,,,,34646.83203125,1.3194854259490967,,,,,,,,,,,,,,,,,,,,,,,,,,,,,,,,,,,,
57,d657,48912.0,48912.0,,49040.703125,,,,,,49040.703125,1.3725171089172363,,,,,,,,,,,,,,,,,,,,,,,,,,,,,,,,,,,,
58,xql662,2513.0,2513.0,,2570.08642578125,,,,,,2570.08642578125,1.3521406650543213,,,,,,,,,,,,,,,,,,,,,,,,,,,,,,,,,,,,
59,rbx711,3115.0,3115.0,,3157.706787109375,,,,,,3157.706787109375,1.4153845310211182,,,,,,,,,,,,,,,,,,,,,,,,,,,,,,,,,,,,
60,u724,41910.0,41910.0,,42167.421875,,,,,,42167.421875,1.4287035465240479,,,,,,,,,,,,,,,,,,,,,,,,,,,,,,,,,,,,
61,uy734,79114.0,79114.0,,79487.5078125,,,,,,79487.5078125,1.39638352394104,,,,,,,,,,,,,,,,,,,,,,,,,,,,,,,,,,,,
62,rbu737,3314.0,3314.0,,3365.990234375,,,,,,3365.990234375,1.3917064666748047,,,,,,,,,,,,,,,,,,,,,,,,,,,,,,,,,,,,
63,rat783,8806.0,8806.0,,8880.775390625,,,,,,8880.775390625,1.474658489227295,,,,,,,,,,,,,,,,,,,,,,,,,,,,,,,,,,,,
64,dkg813,3199.0,3199.0,,3256.24169921875,,,,,,3256.24169921875,1.486149787902832,,,,,,,,,,,,,,,,,,,,,,,,,,,,,,,,,,,,
65,zi929,95345.0,95345.0,,95813.84375,,,,,,95813.84375,1.518118143081665,,,,,,,,,,,,,,,,,,,,,,,,,,,,,,,,,,,,
66,lim963,2789.0,2789.0,,2843.533447265625,,,,,,2843.533447265625,1.4486453533172607,,,,,,,,,,,,,,,,,,,,,,,,,,,,,,,,,,,,
67,lu980,11340.0,11340.0,,11365.6748046875,,,,,,11365.6748046875,1.4951047897338867,,,,,,,,,,,,,,,,,,,,,,,,,,,,,,,,,,,,
68,pbd984,2797.0,2797.0,,2847.04345703125,,,,,,2847.04345703125,1.3659396171569824,,,,,,,,,,,,,,,,,,,,,,,,,,,,,,,,,,,,
69,portcgen-1000-1000,11387430.0,11387430.0,,11413501.0,,,,,,11413501.0,1.4447851181030273,,,,,,,,,,,,,,,,,,,,,,,,,,,,,,,,,,,,
70,portcgen-1000-10001,11376735.0,11376735.0,,11411852.0,,,,,,11411852.0,1.5846381187438965,,,,,,,,,,,,,,,,,,,,,,,,,,,,,,,,,,,,
71,portcgen-1000-10002,10855033.0,10855033.0,,10997259.0,,,,,,10997259.0,1.5804035663604736,,,,,,,,,,,,,,,,,,,,,,,,,,,,,,,,,,,,
72,portcgen-1000-10003,11886457.0,11886457.0,,11920359.0,,,,,,11920359.0,1.2114043235778809,,,,,,,,,,,,,,,,,,,,,,,,,,,,,,,,,,,,
73,portcgen-1000-10004,11499958.0,11499958.0,,11566822.0,,,,,,11566822.0,1.1846466064453125,,,,,,,,,,,,,,,,,,,,,,,,,,,,,,,,,,,,
74,portcgen-1000-10005,11394911.0,11394911.0,,11423237.0,,,,,,11423237.0,1.4839942455291748,,,,,,,,,,,,,,,,,,,,,,,,,,,,,,,,,,,,
75,portcgen-1000-10006,10166701.0,10166701.0,,10205906.0,,,,,,10205906.0,1.3834550380706787,,,,,,,,,,,,,,,,,,,,,,,,,,,,,,,,,,,,
76,portcgen-1000-10007,10664660.0,10664660.0,,10711902.0,,,,,,10711902.0,1.4988784790039062,,,,,,,,,,,,,,,,,,,,,,,,,,,,,,,,,,,,
77,portcgen-1000-10008,11605723.0,11605723.0,,11688897.0,,,,,,11688897.0,1.5756618976593018,,,,,,,,,,,,,,,,,,,,,,,,,,,,,,,,,,,,
78,portcgen-1000-10009,10906997.0,10906997.0,,10962136.0,,,,,,10962136.0,1.5892634391784668,,,,,,,,,,,,,,,,,,,,,,,,,,,,,,,,,,,,
79,dsj1000,18660188.0,18660188.0,,18793260.0,,,,,,18793260.0,1.5825579166412354,,,,,,,,,,,,,,,,,,,,,,,,,,,,,,,,,,,,
80,pr1002,259045.0,259045.0,,261978.609375,,,,,,261978.609375,1.591737985610962,,,,,,,,,,,,,,,,,,,,,,,,,,,,,,,,,,,,
81,u1060,224094.0,224094.0,,225969.953125,,,,,,225969.953125,1.6336727142333984,,,,,,,,,,,,,,,,,,,,,,,,,,,,,,,,,,,,
82,xit1083,3558.0,3558.0,,3628.5498046875,,,,,,3628.5498046875,1.6360957622528076,,,,,,,,,,,,,,,,,,,,,,,,,,,,,,,,,,,,
83,vm1084,239297.0,239297.0,,240869.890625,,,,,,240869.890625,1.649620771408081,,,,,,,,,,,,,,,,,,,,,,,,,,,,,,,,,,,,
84,pcb1173,56892.0,56892.0,,57386.72265625,,,,,,57386.72265625,1.7220444679260254,,,,,,,,,,,,,,,,,,,,,,,,,,,,,,,,,,,,
85,d1291,50801.0,50801.0,,51289.2421875,,,,,,51289.2421875,1.797806978225708,,,,,,,,,,,,,,,,,,,,,,,,,,,,,,,,,,,,
86,rl1304,252948.0,252948.0,,257965.75,,,,,,257965.75,1.545470952987671,,,,,,,,,,,,,,,,,,,,,,,,,,,,,,,,,,,,
87,rl1323,270199.0,270199.0,,272278.28125,,,,,,272278.28125,1.596116304397583,,,,,,,,,,,,,,,,,,,,,,,,,,,,,,,,,,,,
88,dka1376,4666.0,4666.0,,4758.24267578125,,,,,,4758.24267578125,1.4252052307128906,,,,,,,,,,,,,,,,,,,,,,,,,,,,,,,,,,,,
89,nrw1379,56638.0,56638.0,,57345.74609375,,,,,,57345.74609375,1.509021282196045,,,,,,,,,,,,,,,,,,,,,,,,,,,,,,,,,,,,
90,dca1389,5085.0,5085.0,,5176.15771484375,,,,,,5176.15771484375,1.8357551097869873,,,,,,,,,,,,,,,,,,,,,,,,,,,,,,,,,,,,
91,fl1400,20127.0,20127.0,,20486.990234375,,,,,,20486.990234375,1.856097936630249,,,,,,,,,,,,,,,,,,,,,,,,,,,,,,,,,,,,
92,u1432,152970.0,152970.0,,155241.890625,,,,,,155241.890625,1.8146259784698486,,,,,,,,,,,,,,,,,,,,,,,,,,,,,,,,,,,,
93,dja1436,5257.0,5257.0,,5353.10546875,,,,,,5353.10546875,1.6077384948730469,,,,,,,,,,,,,,,,,,,,,,,,,,,,,,,,,,,,
94,icw1483,4416.0,4416.0,,4489.26513671875,,,,,,4489.26513671875,1.8304457664489746,,,,,,,,,,,,,,,,,,,,,,,,,,,,,,,,,,,,
95,fra1488,4264.0,4264.0,,4346.86962890625,,,,,,4346.86962890625,1.8462028503417969,,,,,,,,,,,,,,,,,,,,,,,,,,,,,,,,,,,,
96,fl1577,22249.0,22249.0,,22299.32421875,,,,,,22299.32421875,1.9447624683380127,,,,,,,,,,,,,,,,,,,,,,,,,,,,,,,,,,,,
97,rbv1583,5387.0,5387.0,,5488.19482421875,,,,,,5488.19482421875,1.7532010078430176,,,,,,,,,,,,,,,,,,,,,,,,,,,,,,,,,,,,
98,rby1599,5533.0,5533.0,,5638.2998046875,,,,,,5638.2998046875,1.4895555973052979,,,,,,,,,,,,,,,,,,,,,,,,,,,,,,,,,,,,
99,fnb1615,4956.0,4956.0,,5049.74609375,,,,,,5049.74609375,1.4929797649383545,,,,,,,,,,,,,,,,,,,,,,,,,,,,,,,,,,,,
100,rw1621,26051.0,26051.0,,26388.689453125,,,,,,26388.689453125,1.8537683486938477,,,,,,,,,,,,,,,,,,,,,,,,,,,,,,,,,,,,
101,d1655,62128.0,62128.0,,62983.390625,,,,,,62983.390625,2.031586170196533,,,,,,,,,,,,,,,,,,,,,,,,,,,,,,,,,,,,
102,vm1748,336556.0,336556.0,,339089.59375,,,,,,339089.59375,1.9462766647338867,,,,,,,,,,,,,,,,,,,,,,,,,,,,,,,,,,,,
103,djc1785,6115.0,6115.0,,6212.84814453125,,,,,,6212.84814453125,1.8028943538665771,,,,,,,,,,,,,,,,,,,,,,,,,,,,,,,,,,,,
104,u1817,57201.0,57201.0,,58298.00390625,,,,,,58298.00390625,2.1490695476531982,,,,,,,,,,,,,,,,,,,,,,,,,,,,,,,,,,,,
105,rl1889,316536.0,316536.0,,317814.71875,,,,,,317814.71875,1.6937832832336426,,,,,,,,,,,,,,,,,,,,,,,,,,,,,,,,,,,,
106,dcc1911,6396.0,6396.0,,6544.42822265625,,,,,,6544.42822265625,1.7021026611328125,,,,,,,,,,,,,,,,,,,,,,,,,,,,,,,,,,,,
107,dkd1973,6421.0,6421.0,,6532.43603515625,,,,,,6532.43603515625,1.718062400817871,,,,,,,,,,,,,,,,,,,,,,,,,,,,,,,,,,,,
108,mu1979,86891.0,86891.0,,87447.9375,,,,,,87447.9375,1.7213897705078125,,,,,,,,,,,,,,,,,,,,,,,,,,,,,,,,,,,,
109,djb2036,6197.0,6197.0,,6359.6767578125,,,,,,6359.6767578125,1.729306697845459,,,,,,,,,,,,,,,,,,,,,,,,,,,,,,,,,,,,
110,dcb2086,6600.0,6600.0,,6783.54931640625,,,,,,6783.54931640625,1.82676362991333,,,,,,,,,,,,,,,,,,,,,,,,,,,,,,,,,,,,
111,d2103,80450.0,80450.0,,80877.75,,,,,,80877.75,1.817737102508545,,,,,,,,,,,,,,,,,,,,,,,,,,,,,,,,,,,,
112,bva2144,6304.0,6304.0,,6463.1572265625,,,,,,6463.1572265625,2.013263463973999,,,,,,,,,,,,,,,,,,,,,,,,,,,,,,,,,,,,
113,u2152,64253.0,64253.0,,65804.3125,,,,,,65804.3125,1.781219482421875,,,,,,,,,,,,,,,,,,,,,,,,,,,,,,,,,,,,
114,xqc2175,6830.0,6830.0,,6992.34130859375,,,,,,6992.34130859375,1.7578761577606201,,,,,,,,,,,,,,,,,,,,,,,,,,,,,,,,,,,,
115,bck2217,6764.0,6764.0,,6924.64453125,,,,,,6924.64453125,1.7610194683074951,,,,,,,,,,,,,,,,,,,,,,,,,,,,,,,,,,,,
116,xpr2308,7219.0,7219.0,,7387.78466796875,,,,,,7387.78466796875,1.7919204235076904,,,,,,,,,,,,,,,,,,,,,,,,,,,,,,,,,,,,
117,u2319,234256.0,234256.0,,237478.6875,,,,,,237478.6875,1.9799938201904297,,,,,,,,,,,,,,,,,,,,,,,,,,,,,,,,,,,,
118,ley2323,8352.0,8352.0,,8543.9052734375,,,,,,8543.9052734375,1.980531930923462,,,,,,,,,,,,,,,,,,,,,,,,,,,,,,,,,,,,
119,dea2382,8017.0,8017.0,,8188.4326171875,,,,,,8188.4326171875,1.881263017654419,,,,,,,,,,,,,,,,,,,,,,,,,,,,,,,,,,,,
120,pr2392,378032.0,378032.0,,381617.03125,,,,,,381617.03125,1.913830041885376,,,,,,,,,,,,,,,,,,,,,,,,,,,,,,,,,,,,
121,rbw2481,7724.0,7724.0,,7951.4248046875,,,,,,7951.4248046875,1.9095864295959473,,,,,,,,,,,,,,,,,,,,,,,,,,,,,,,,,,,,
122,pds2566,7643.0,7643.0,,7814.77783203125,,,,,,7814.77783203125,1.9900200366973877,,,,,,,,,,,,,,,,,,,,,,,,,,,,,,,,,,,,
123,mlt2597,8071.0,8071.0,,8288.0380859375,,,,,,8288.0380859375,2.152712821960449,,,,,,,,,,,,,,,,,,,,,,,,,,,,,,,,,,,,
124,bch2762,8234.0,8234.0,,8435.8779296875,,,,,,8435.8779296875,2.1249821186065674,,,,,,,,,,,,,,,,,,,,,,,,,,,,,,,,,,,,
125,irw2802,8423.0,8423.0,,8591.7939453125,,,,,,8591.7939453125,2.114461660385132,,,,,,,,,,,,,,,,,,,,,,,,,,,,,,,,,,,,
126,lsm2854,8014.0,8014.0,,8235.986328125,,,,,,8235.986328125,2.0988361835479736,,,,,,,,,,,,,,,,,,,,,,,,,,,,,,,,,,,,
127,dbj2924,10128.0,10128.0,,10379.0712890625,,,,,,10379.0712890625,2.1733875274658203,,,,,,,,,,,,,,,,,,,,,,,,,,,,,,,,,,,,
128,xva2993,8492.0,8492.0,,8713.3603515625,,,,,,8713.3603515625,2.2002949714660645,,,,,,,,,,,,,,,,,,,,,,,,,,,,,,,,,,,,
129,pcb3038,137694.0,137694.0,,139255.25,,,,,,139255.25,2.31657075881958,,,,,,,,,,,,,,,,,,,,,,,,,,,,,,,,,,,,
130,pia3056,8258.0,8258.0,,8411.7392578125,,,,,,8411.7392578125,2.2034788131713867,,,,,,,,,,,,,,,,,,,,,,,,,,,,,,,,,,,,
131,dke3097,10539.0,10539.0,,10798.2841796875,,,,,,10798.2841796875,2.266265630722046,,,,,,,,,,,,,,,,,,,,,,,,,,,,,,,,,,,,
132,lsn3119,9114.0,9114.0,,9320.5869140625,,,,,,9320.5869140625,2.2661192417144775,,,,,,,,,,,,,,,,,,,,,,,,,,,,,,,,,,,,
133,lta3140,9517.0,9517.0,,9741.1943359375,,,,,,9741.1943359375,2.268664598464966,,,,,,,,,,,,,,,,,,,,,,,,,,,,,,,,,,,,
134,portcgen-3162-3162,19198258.0,19198258.0,,19315030.0,,,,,,19315030.0,2.2779574394226074,,,,,,,,,,,,,,,,,,,,,,,,,,,,,,,,,,,,
135,portcgen-3162-31621,19017805.0,19017805.0,,19654722.0,,,,,,19654722.0,2.304270029067993,,,,,,,,,,,,,,,,,,,,,,,,,,,,,,,,,,,,
136,portcgen-3162-31622,19547551.0,19547551.0,,19764502.0,,,,,,19764502.0,2.274728775024414,,,,,,,,,,,,,,,,,,,,,,,,,,,,,,,,,,,,
137,portcgen-3162-31623,19108508.0,19108508.0,,19516832.0,,,,,,19516832.0,2.399827003479004,,,,,,,,,,,,,,,,,,,,,,,,,,,,,,,,,,,,
138,portcgen-3162-31624,18864046.0,18864046.0,,19433582.0,,,,,,19433582.0,2.304487705230713,,,,,,,,,,,,,,,,,,,,,,,,,,,,,,,,,,,,
139,fdp3256,10008.0,10008.0,,10186.5263671875,,,,,,10186.5263671875,2.363248109817505,,,,,,,,,,,,,,,,,,,,,,,,,,,,,,,,,,,,
140,beg3293,9772.0,9772.0,,10053.0673828125,,,,,,10053.0673828125,2.3955440521240234,,,,,,,,,,,,,,,,,,,,,,,,,,,,,,,,,,,,
141,dhb3386,11137.0,11137.0,,11415.904296875,,,,,,11415.904296875,2.4543795585632324,,,,,,,,,,,,,,,,,,,,,,,,,,,,,,,,,,,,
142,nu3496,96132.0,96132.0,,97175.6953125,,,,,,97175.6953125,2.4449965953826904,,,,,,,,,,,,,,,,,,,,,,,,,,,,,,,,,,,,
143,fjs3649,9272.0,9272.0,,9462.7294921875,,,,,,9462.7294921875,2.5953726768493652,,,,,,,,,,,,,,,,,,,,,,,,,,,,,,,,,,,,
144,fjr3672,9601.0,9601.0,,9796.998046875,,,,,,9796.998046875,2.6709470748901367,,,,,,,,,,,,,,,,,,,,,,,,,,,,,,,,,,,,
145,dlb3694,10959.0,10959.0,,11204.0712890625,,,,,,11204.0712890625,2.752391815185547,,,,,,,,,,,,,,,,,,,,,,,,,,,,,,,,,,,,
146,ltb3729,11821.0,11821.0,,12130.0966796875,,,,,,12130.0966796875,2.705904245376587,,,,,,,,,,,,,,,,,,,,,,,,,,,,,,,,,,,,
147,fl3795,28772.0,28772.0,,29094.45703125,,,,,,29094.45703125,2.862508773803711,,,,,,,,,,,,,,,,,,,,,,,,,,,,,,,,,,,,
148,xqe3891,11995.0,11995.0,,12320.8837890625,,,,,,12320.8837890625,2.725780725479126,,,,,,,,,,,,,,,,,,,,,,,,,,,,,,,,,,,,
149,xua3937,11239.0,11239.0,,11505.3583984375,,,,,,11505.3583984375,2.7780568599700928,,,,,,,,,,,,,,,,,,,,,,,,,,,,,,,,,,,,
150,dkc3938,12503.0,12503.0,,12834.828125,,,,,,12834.828125,2.8463692665100098,,,,,,,,,,,,,,,,,,,,,,,,,,,,,,,,,,,,
151,dkf3954,12538.0,12538.0,,12879.4775390625,,,,,,12879.4775390625,2.7639505863189697,,,,,,,,,,,,,,,,,,,,,,,,,,,,,,,,,,,,
152,bgb4355,12723.0,12723.0,,13041.9306640625,,,,,,13041.9306640625,2.9923577308654785,,,,,,,,,,,,,,,,,,,,,,,,,,,,,,,,,,,,
153,bgd4396,13009.0,13009.0,,13401.8818359375,,,,,,13401.8818359375,3.1480748653411865,,,,,,,,,,,,,,,,,,,,,,,,,,,,,,,,,,,,
154,frv4410,10711.0,10711.0,,10973.5625,,,,,,10973.5625,3.029330015182495,,,,,,,,,,,,,,,,,,,,,,,,,,,,,,,,,,,,
155,fnl4461,182566.0,182566.0,,185926.359375,,,,,,185926.359375,3.1560118198394775,,,,,,,,,,,,,,,,,,,,,,,,,,,,,,,,,,,,
156,bgf4475,13221.0,13221.0,,13540.1865234375,,,,,,13540.1865234375,3.115011692047119,,,,,,,,,,,,,,,,,,,,,,,,,,,,,,,,,,,,
157,ca4663,1290319.0,1290319.0,,1300001.625,,,,,,1300001.625,3.2524218559265137,,,,,,,,,,,,,,,,,,,,,,,,,,,,,,,,,,,,
158,xqd4966,15316.0,15316.0,,15744.873046875,,,,,,15744.873046875,3.509777784347534,,,,,,,,,,,,,,,,,,,,,,,,,,,,,,,,,,,,
159,fqm5087,13029.0,13029.0,,13322.482421875,,,,,,13322.482421875,3.9080545902252197,,,,,,,,,,,,,,,,,,,,,,,,,,,,,,,,,,,,
160,fea5557,15445.0,15445.0,,15784.2646484375,,,,,,15784.2646484375,3.937709331512451,,,,,,,,,,,,,,,,,,,,,,,,,,,,,,,,,,,,
161,rl5915,565530.0,565530.0,,571212.8125,,,,,,571212.8125,4.170793533325195,,,,,,,,,,,,,,,,,,,,,,,,,,,,,,,,,,,,
162,rl5934,556045.0,556045.0,,561748.8125,,,,,,561748.8125,4.228299856185913,,,,,,,,,,,,,,,,,,,,,,,,,,,,,,,,,,,,
163,tz6117,394718.0,394718.0,,399953.09375,,,,,,399953.09375,4.29428243637085,,,,,,,,,,,,,,,,,,,,,,,,,,,,,,,,,,,,
164,xsc6880,21535.0,21535.0,,22204.001953125,,,,,,22204.001953125,4.615572214126587,,,,,,,,,,,,,,,,,,,,,,,,,,,,,,,,,,,,
165,eg7146,172386.0,172386.0,,174722.796875,,,,,,174722.796875,4.79723048210144,,,,,,,,,,,,,,,,,,,,,,,,,,,,,,,,,,,,
166,bnd7168,21834.0,21834.0,,22434.509765625,,,,,,22434.509765625,4.7697038650512695,,,,,,,,,,,,,,,,,,,,,,,,,,,,,,,,,,,,
167,pla7397,23260728.0,23260728.0,,23585544.0,,,,,,23585544.0,4.905962228775024,,,,,,,,,,,,,,,,,,,,,,,,,,,,,,,,,,,,
168,lap7454,19535.0,19535.0,,20154.302734375,,,,,,20154.302734375,4.965428829193115,,,,,,,,,,,,,,,,,,,,,,,,,,,,,,,,,,,,
169,ym7663,238314.0,238314.0,,242735.796875,,,,,,242735.796875,5.221752882003784,,,,,,,,,,,,,,,,,,,,,,,,,,,,,,,,,,,,
170,pm8079,114855.0,114855.0,,115729.3515625,,,,,,115729.3515625,5.563521862030029,,,,,,,,,,,,,,,,,,,,,,,,,,,,,,,,,,,,
171,ida8197,22338.0,22338.0,,22911.603515625,,,,,,22911.603515625,6.146653175354004,,,,,,,,,,,,,,,,,,,,,,,,,,,,,,,,,,,,
172,ei8246,206171.0,206171.0,,209915.40625,,,,,,209915.40625,5.684848785400391,,,,,,,,,,,,,,,,,,,,,,,,,,,,,,,,,,,,
173,ar9152,837479.0,837479.0,,848781.5625,,,,,,848781.5625,6.878332614898682,,,,,,,,,,,,,,,,,,,,,,,,,,,,,,,,,,,,
174,dga9698,27724.0,27724.0,,28625.16796875,,,,,,28625.16796875,6.741941690444946,,,,,,,,,,,,,,,,,,,,,,,,,,,,,,,,,,,,
175,ja9847,491924.0,491924.0,,504016.75,,,,,,504016.75,6.540315389633179,,,,,,,,,,,,,,,,,,,,,,,,,,,,,,,,,,,,
176,gr9882,300899.0,300899.0,,305498.0625,,,,,,305498.0625,6.681164741516113,,,,,,,,,,,,,,,,,,,,,,,,,,,,,,,,,,,,
177,kz9976,1061881.0,1061881.0,,1079172.75,,,,,,1079172.75,6.675980091094971,,,,,,,,,,,,,,,,,,,,,,,,,,,,,,,,,,,,
178,portcgen-10000-10000,33001034.0,33001034.0,,34470324.0,,,,,,34470324.0,7.243307828903198,,,,,,,,,,,,,,,,,,,,,,,,,,,,,,,,,,,,
179,portcgen-10000-100001,33186248.0,33186248.0,,34184648.0,,,,,,34184648.0,6.990556001663208,,,,,,,,,,,,,,,,,,,,,,,,,,,,,,,,,,,,
180,portcgen-10000-100002,33155424.0,33155424.0,,33926976.0,,,,,,33926976.0,6.790063858032227,,,,,,,,,,,,,,,,,,,,,,,,,,,,,,,,,,,,
181,xmc10150,28387.0,28387.0,,29245.673828125,,,,,,29245.673828125,6.883614778518677,,,,,,,,,,,,,,,,,,,,,,,,,,,,,,,,,,,,
182,fi10639,520527.0,520527.0,,528304.375,,,,,,528304.375,7.640411615371704,,,,,,,,,,,,,,,,,,,,,,,,,,,,,,,,,,,,
183,rl11849,923288.0,923288.0,,936248.625,,,,,,936248.625,9.558823585510254,,,,,,,,,,,,,,,,,,,,,,,,,,,,,,,,,,,,
184,usa13509,19982859.0,19982859.0,,20362296.0,,,,,,20362296.0,9.964015245437622,,,,,,,,,,,,,,,,,,,,,,,,,,,,,,,,,,,,
185,xvb13584,37083.0,37083.0,,38323.95703125,,,,,,38323.95703125,9.199864864349365,,,,,,,,,,,,,,,,,,,,,,,,,,,,,,,,,,,,
186,brd14051,469385.0,469385.0,,481134.71875,,,,,,481134.71875,10.216557264328003,,,,,,,,,,,,,,,,,,,,,,,,,,,,,,,,,,,,
187,mo14185,427377.0,427377.0,,435404.71875,,,,,,435404.71875,10.081405639648438,,,,,,,,,,,,,,,,,,,,,,,,,,,,,,,,,,,,
188,xrb14233,45462.0,45462.0,,47157.65625,,,,,,47157.65625,10.438109397888184,,,,,,,,,,,,,,,,,,,,,,,,,,,,,,,,,,,,
189,ho14473,177092.0,177092.0,,178317.28125,,,,,,178317.28125,11.05476689338684,,,,,,,,,,,,,,,,,,,,,,,,,,,,,,,,,,,,
190,d15112,1573084.0,1573084.0,,1613863.75,,,,,,1613863.75,12.30447506904602,,,,,,,,,,,,,,,,,,,,,,,,,,,,,,,,,,,,
191,it16862,557315.0,557315.0,,570678.375,,,,,,570678.375,11.949691772460938,,,,,,,,,,,,,,,,,,,,,,,,,,,,,,,,,,,,
192,xia16928,52850.0,52850.0,,54431.0078125,,,,,,54431.0078125,11.971660614013672,,,,,,,,,,,,,,,,,,,,,,,,,,,,,,,,,,,,
193,pjh17845,48092.0,48092.0,,49656.515625,,,,,,49656.515625,12.669719934463501,,,,,,,,,,,,,,,,,,,,,,,,,,,,,,,,,,,,
194,d18512,645238.0,645238.0,,663851.6875,,,,,,663851.6875,13.62185525894165,,,,,,,,,,,,,,,,,,,,,,,,,,,,,,,,,,,,
195,frh19289,55798.0,55798.0,,57900.859375,,,,,,57900.859375,13.903456926345825,,,,,,,,,,,,,,,,,,,,,,,,,,,,,,,,,,,,
196,fnc19402,59287.0,59287.0,,61051.08984375,,,,,,61051.08984375,13.993780136108398,,,,,,,,,,,,,,,,,,,,,,,,,,,,,,,,,,,,
197,ido21215,63517.0,63517.0,,66000.8515625,,,,,,66000.8515625,15.116400241851807,,,,,,,,,,,,,,,,,,,,,,,,,,,,,,,,,,,,
198,fma21553,66527.0,66527.0,,68652.25,,,,,,68652.25,15.250341176986694,,,,,,,,,,,,,,,,,,,,,,,,,,,,,,,,,,,,
199,vm22775,569288.0,569288.0,,583831.0625,,,,,,583831.0625,15.210557460784912,,,,,,,,,,,,,,,,,,,,,,,,,,,,,,,,,,,,
200,lsb22777,60977.0,60977.0,,63435.875,,,,,,63435.875,15.814501285552979,,,,,,,,,,,,,,,,,,,,,,,,,,,,,,,,,,,,
201,xrh24104,69294.0,69294.0,,72311.046875,,,,,,72311.046875,16.783984184265137,,,,,,,,,,,,,,,,,,,,,,,,,,,,,,,,,,,,
202,sw24978,855597.0,855597.0,,878603.25,,,,,,878603.25,17.678016424179077,,,,,,,,,,,,,,,,,,,,,,,,,,,,,,,,,,,,
203,bbz25234,69335.0,69335.0,,72351.0,,,,,,72351.0,17.891579389572144,,,,,,,,,,,,,,,,,,,,,,,,,,,,,,,,,,,,
204,irx28268,72607.0,72607.0,,75621.5546875,,,,,,75621.5546875,20.153785228729248,,,,,,,,,,,,,,,,,,,,,,,,,,,,,,,,,,,,
205,fyg28534,78562.0,78562.0,,82119.125,,,,,,82119.125,20.151628017425537,,,,,,,,,,,,,,,,,,,,,,,,,,,,,,,,,,,,
206,icx28698,78087.0,78087.0,,81558.046875,,,,,,81558.046875,21.07841181755066,,,,,,,,,,,,,,,,,,,,,,,,,,,,,,,,,,,,
207,boa28924,79622.0,79622.0,,83093.9609375,,,,,,83093.9609375,20.409507036209106,,,,,,,,,,,,,,,,,,,,,,,,,,,,,,,,,,,,
208,ird29514,80353.0,80353.0,,83838.1015625,,,,,,83838.1015625,20.749794006347656,,,,,,,,,,,,,,,,,,,,,,,,,,,,,,,,,,,,
209,pbh30440,88313.0,88313.0,,92428.578125,,,,,,92428.578125,21.39357590675354,,,,,,,,,,,,,,,,,,,,,,,,,,,,,,,,,,,,
210,portcgen-31623-31623,59545390.0,59545390.0,,63585076.0,,,,,,63585076.0,23.561879634857178,,,,,,,,,,,,,,,,,,,,,,,,,,,,,,,,,,,,
211,portcgen-31623-316231,59293266.0,59293266.0,,63376044.0,,,,,,63376044.0,24.14811897277832,,,,,,,,,,,,,,,,,,,,,,,,,,,,,,,,,,,,
212,xib32892,96757.0,96757.0,,100911.6796875,,,,,,100911.6796875,23.0331130027771,,,,,,,,,,,,,,,,,,,,,,,,,,,,,,,,,,,,
213,fry33203,97240.0,97240.0,,101853.203125,,,,,,101853.203125,23.781274795532227,,,,,,,,,,,,,,,,,,,,,,,,,,,,,,,,,,,,
214,bm33708,959289.0,959289.0,,993841.75,,,,,,993841.75,23.474565029144287,,,,,,,,,,,,,,,,,,,,,,,,,,,,,,,,,,,,
215,pla33810,66048945.0,66048945.0,,68234984.0,,,,,,68234984.0,23.364511728286743,,,,,,,,,,,,,,,,,,,,,,,,,,,,,,,,,,,,
216,bby34656,99159.0,99159.0,,104321.6875,,,,,,104321.6875,23.58312439918518,,,,,,,,,,,,,,,,,,,,,,,,,,,,,,,,,,,,
217,pba38478,108318.0,108318.0,,113894.796875,,,,,,113894.796875,26.895312786102295,,,,,,,,,,,,,,,,,,,,,,,,,,,,,,,,,,,,
218,ics39603,106819.0,106819.0,,112892.0859375,,,,,,112892.0859375,28.378520011901855,,,,,,,,,,,,,,,,,,,,,,,,,,,,,,,,,,,,
219,rbz43748,125183.0,125183.0,,132467.890625,,,,,,132467.890625,31.87440252304077,,,,,,,,,,,,,,,,,,,,,,,,,,,,,,,,,,,,
220,fht47608,125104.0,125104.0,,131619.609375,,,,,,131619.609375,34.483755588531494,,,,,,,,,,,,,,,,,,,,,,,,,,,,,,,,,,,,
221,fna52057,147789.0,147789.0,,157318.921875,,,,,,157318.921875,38.46982169151306,,,,,,,,,,,,,,,,,,,,,,,,,,,,,,,,,,,,
222,bna56769,158078.0,158078.0,,168998.28125,,,,,,168998.28125,42.712733030319214,,,,,,,,,,,,,,,,,,,,,,,,,,,,,,,,,,,,
223,dan59296,165371.0,165371.0,,176684.609375,,,,,,176684.609375,44.01416349411011,,,,,,,,,,,,,,,,,,,,,,,,,,,,,,,,,,,,
224,ch71009,4566506.0,4566506.0,,4809213.5,,,,,,4809213.5,62.508700132369995,,,,,,,,,,,,,,,,,,,,,,,,,,,,,,,,,,,,
225,pla85900,142382641.0,142382641.0,,151123104.0,,,,,,151123104.0,73.6534514427185,,,,,,,,,,,,,,,,,,,,,,,,,,,,,,,,,,,,
226,portcgen-100000-100000,104617752.0,104617752.0,,117489624.0,,,,,,117489624.0,89.42837452888489,,,,,,,,,,,,,,,,,,,,,,,,,,,,,,,,,,,,
227,portcgen-100000-1000001,105390777.0,105390777.0,,118753968.0,,,,,,118753968.0,88.49455618858337,,,,,,,,,,,,,,,,,,,,,,,,,,,,,,,,,,,,
